cardId,name,cardType,life,cost,attribute,types,counter,color,imageUrl,localImage,effectText,triggerText
ST04-001,Kaido,LEADER,5,,Strike,"The Four Emperors, Animal Kingdom Pirates",-,Purple,https://en.onepiece-cardgame.com/images/cardlist/card/ST04-001.png?250701,ST04-001.jpg,[Activate: Main] [Once Per Turn] DON!! −7 (You may return the specified number of DON!! cards from your field to your DON!! deck.): Trash up to 1 of your opponent's Life cards.,
ST04-002,Ulti,CHARACTER,,4,Strike,Animal Kingdom Pirates,2000,Purple,https://en.onepiece-cardgame.com/images/cardlist/card/ST04-002.png?250701,ST04-002.jpg,[On Play] DON!! −1 (You may return the specified number of DON!! cards from your field to your DON!! deck.): Play up to 1 [Page One] card with a cost of 4 or less from your hand.,
ST04-003,Kaido,CHARACTER,,9,Strike,"The Four Emperors, Animal Kingdom Pirates",-,Purple,https://en.onepiece-cardgame.com/images/cardlist/card/ST04-003.png?250701,ST04-003.jpg,[On Play] DON!! −5 (You may return the specified number of DON!! cards from your field to your DON!! deck.): K.O. up to 1 of your opponent's Characters with a cost of 6 or less. This Character gains [Rush] during this turn.(This card can attack on the turn in which it is played.),
ST04-004,King,CHARACTER,,6,Special,Animal Kingdom Pirates,-,Purple,https://en.onepiece-cardgame.com/images/cardlist/card/ST04-004.png?250701,ST04-004.jpg,[On Play] DON!! −1 (You may return the specified number of DON!! cards from your field to your DON!! deck.): K.O. up to 1 of your opponent's Characters with a cost of 4 or less.,
ST04-005,Queen,CHARACTER,,5,Strike,Animal Kingdom Pirates,1000,Purple,https://en.onepiece-cardgame.com/images/cardlist/card/ST04-005.png?250701,ST04-005.jpg,"[Blocker] (After your opponent declares an attack, you may rest this card to make it the new target of the attack.)[On Play] DON!! −1 (You may return the specified number of DON!! cards from your field to your DON!! deck.): Draw 2 cards and trash 1 card from your hand.",
ST04-006,Sasaki,CHARACTER,,3,Ranged,Animal Kingdom Pirates,1000,Purple,https://en.onepiece-cardgame.com/images/cardlist/card/ST04-006.png?250701,ST04-006.jpg,[On Play] DON!! −1 (You may return the specified number of DON!! cards from your field to your DON!! deck.): Draw 1 card.,
ST04-007,Sheepshead,CHARACTER,,2,Slash,"Animal Kingdom Pirates, Smile",1000,Purple,https://en.onepiece-cardgame.com/images/cardlist/card/ST04-007.png?250701,ST04-007.jpg,-,
ST04-008,Jack,CHARACTER,,3,Strike,Animal Kingdom Pirates,1000,Purple,https://en.onepiece-cardgame.com/images/cardlist/card/ST04-008.png?250701,ST04-008.jpg,[On Play] You may trash 1 card from your hand: Add up to 1 DON!! card from your DON!! deck and set it as active.,
ST04-009,Ginrummy,CHARACTER,,1,Strike,"Animal Kingdom Pirates, Smile",1000,Purple,https://en.onepiece-cardgame.com/images/cardlist/card/ST04-009.png?250701,ST04-009.jpg,-,
ST04-010,Who's.Who,CHARACTER,,3,Slash,Animal Kingdom Pirates,-,Purple,https://en.onepiece-cardgame.com/images/cardlist/card/ST04-010.png?250701,ST04-010.jpg,[On Play] DON!! −1 (You may return the specified number of DON!! cards from your field to your DON!! deck.): K.O. up to 1 of your opponent's Characters with a cost of 3 or less.,Play this card.
ST04-011,Black Maria,CHARACTER,,2,Special,Animal Kingdom Pirates,1000,Purple,https://en.onepiece-cardgame.com/images/cardlist/card/ST04-011.png?250701,ST04-011.jpg,"[Blocker] (After your opponent declares an attack, you may rest this card to make it the new target of the attack.)",
ST04-012,Page One,CHARACTER,,4,Strike,Animal Kingdom Pirates,1000,Purple,https://en.onepiece-cardgame.com/images/cardlist/card/ST04-012.png?250701,ST04-012.jpg,-,
ST04-013,X.Drake,CHARACTER,,3,Slash,"Navy, Drake Pirates, Animal Kingdom Pirates",1000,Purple,https://en.onepiece-cardgame.com/images/cardlist/card/ST04-013.png?250701,ST04-013.jpg,-,
ST04-014,"Lead Performer ""Disaster""",EVENT,,4,,Animal Kingdom Pirates,-,Purple,https://en.onepiece-cardgame.com/images/cardlist/card/ST04-014.png?250701,ST04-014.jpg,"[Main] Draw 1 card, then add up to 1 DON!! card from your DON!! deck and set it as active.",Activate this card's [Main] effect.
ST04-015,Brachio Bomber,EVENT,,6,,Animal Kingdom Pirates,-,Purple,https://en.onepiece-cardgame.com/images/cardlist/card/ST04-015.png?250701,ST04-015.jpg,"[Main] K.O. up to 1 of your opponent's Characters with a cost of 6 or less, then add up to 1 DON!! card from your DON!! deck and set it as active.",Add up to 1 DON!! card from your DON!! deck and set it as active.
ST04-016,Blast Breath,EVENT,,1,,"The Four Emperors, Animal Kingdom Pirates",-,Purple,https://en.onepiece-cardgame.com/images/cardlist/card/ST04-016.png?250701,ST04-016.jpg,[Counter] DON!! −1 (You may return the specified number of DON!! cards from your field to your DON!! deck.): Up to 1 of your Leader or Character cards gains +4000 power during this battle.,
ST04-017,Onigashima Island,STAGE,,3,,Animal Kingdom Pirates,-,Purple,https://en.onepiece-cardgame.com/images/cardlist/card/ST04-017.png?250701,ST04-017.jpg,"[Activate: Main] You may rest this Stage: If your Leader has the {Animal Kingdom Pirates} type, add up to 1 DON!! card from your DON!! deck and rest it.",
ST01-001,Monkey.D.Luffy,LEADER,5,,Strike,"Supernovas, Straw Hat Crew",-,Red,https://en.onepiece-cardgame.com/images/cardlist/card/ST01-001.png?250701,ST01-001.jpg,[Activate: Main] [Once Per Turn] Give this Leader or 1 of your Characters up to 1 rested DON!! card.,
ST01-002,Usopp,CHARACTER,,2,Ranged,Straw Hat Crew,1000,Red,https://en.onepiece-cardgame.com/images/cardlist/card/ST01-002.png?250701,ST01-002.jpg,[DON!! x2] [When Attacking] Your opponent cannot activate a [Blocker] Character that has 5000 or more power during this battle.,Play this card.
ST01-003,Karoo,CHARACTER,,1,Strike,"Animal, Alabasta",1000,Red,https://en.onepiece-cardgame.com/images/cardlist/card/ST01-003.png?250701,ST01-003.jpg,-,
ST01-004,Sanji,CHARACTER,,2,Strike,Straw Hat Crew,-,Red,https://en.onepiece-cardgame.com/images/cardlist/card/ST01-004.png?250701,ST01-004.jpg,[DON!! x2] This Character gains [Rush].(This card can attack on the turn in which it is played.),
ST01-005,Jinbe,CHARACTER,,3,Strike,"Fish-Man, Straw Hat Crew",-,Red,https://en.onepiece-cardgame.com/images/cardlist/card/ST01-005.png?250701,ST01-005.jpg,[DON!! x1] [When Attacking] Up to 1 of your Leader or Character cards other than this card gains +1000 power during this turn.,
ST01-006,Tony Tony.Chopper,CHARACTER,,1,Strike,"Animal, Straw Hat Crew",-,Red,https://en.onepiece-cardgame.com/images/cardlist/card/ST01-006.png?250701,ST01-006.jpg,"[Blocker] (After your opponent declares an attack, you may rest this card to make it the new target of the attack.)",
ST01-007,Nami,CHARACTER,,1,Special,Straw Hat Crew,1000,Red,https://en.onepiece-cardgame.com/images/cardlist/card/ST01-007.png?250701,ST01-007.jpg,[Activate: Main] [Once Per Turn] Give up to 1 rested DON!! card to your Leader or 1 of your Characters.,
ST01-008,Nico Robin,CHARACTER,,3,Wisdom,Straw Hat Crew,1000,Red,https://en.onepiece-cardgame.com/images/cardlist/card/ST01-008.png?250701,ST01-008.jpg,-,
ST01-009,Nefeltari Vivi,CHARACTER,,2,Slash,Alabasta,1000,Red,https://en.onepiece-cardgame.com/images/cardlist/card/ST01-009.png?250701,ST01-009.jpg,-,
ST01-010,Franky,CHARACTER,,4,Strike,Straw Hat Crew,1000,Red,https://en.onepiece-cardgame.com/images/cardlist/card/ST01-010.png?250701,ST01-010.jpg,-,
ST01-011,Brook,CHARACTER,,2,Slash,Straw Hat Crew,2000,Red,https://en.onepiece-cardgame.com/images/cardlist/card/ST01-011.png?250701,ST01-011.jpg,[On Play] Give up to 2 rested DON!! cards to your Leader or 1 of your Characters.,
ST01-012,Monkey.D.Luffy,CHARACTER,,5,Strike,"Supernovas, Straw Hat Crew",-,Red,https://en.onepiece-cardgame.com/images/cardlist/card/ST01-012.png?250701,ST01-012.jpg,[Rush] (This card can attack on the turn in which it is played.)[DON!! x2] [When Attacking] Your opponent cannot activate [Blocker] during this battle.,
ST01-013,Roronoa Zoro,CHARACTER,,3,Slash,"Supernovas, Straw Hat Crew",-,Red,https://en.onepiece-cardgame.com/images/cardlist/card/ST01-013.png?250701,ST01-013.jpg,[DON!! x1] This Character gains +1000 power.,
ST01-014,Guard Point,EVENT,,1,,"Animal, Straw Hat Crew",-,Red,https://en.onepiece-cardgame.com/images/cardlist/card/ST01-014.png?250701,ST01-014.jpg,[Counter] Up to 1 of your Leader or Character cards gains +3000 power during this battle.,Up to 1 of your Leader or Character cards gains +1000 power during this turn.
ST01-015,Gum-Gum Jet Pistol,EVENT,,4,,"Supernovas, Straw Hat Crew",-,Red,https://en.onepiece-cardgame.com/images/cardlist/card/ST01-015.png?250701,ST01-015.jpg,[Main] K.O. up to 1 of your opponent's Characters with 6000 power or less.,Activate this card's [Main] effect.
ST01-016,Diable Jambe,EVENT,,1,,Straw Hat Crew,-,Red,https://en.onepiece-cardgame.com/images/cardlist/card/ST01-016.png?250701,ST01-016.jpg,[Main] Select up to 1 of your {Straw Hat Crew} type Leader or Character cards. Your opponent cannot activate [Blocker] if that Leader or Character attacks during this turn.,K.O. up to 1 of your opponent's [Blocker] Characters with a cost of 3 or less.
ST01-017,Thousand Sunny,STAGE,,2,,Straw Hat Crew,-,Red,https://en.onepiece-cardgame.com/images/cardlist/card/ST01-017.png?250701,ST01-017.jpg,[Activate: Main] You may rest this Stage: Up to 1 {Straw Hat Crew} type Leader or Character card on your field gains +1000 power during this turn.,
ST03-001,Crocodile,LEADER,5,,Special,"The Seven Warlords of the Sea, Baroque Works",-,Blue,https://en.onepiece-cardgame.com/images/cardlist/card/ST03-001.png?250701,ST03-001.jpg,[Activate: Main] [Once Per Turn] DON!! −4 (You may return the specified number of DON!! cards from your field to your DON!! deck.): Return up to 1 Character with a cost of 5 or less to the owner's hand.,
ST03-002,Edward Weevil,CHARACTER,,3,Slash,The Seven Warlords of the Sea,1000,Blue,https://en.onepiece-cardgame.com/images/cardlist/card/ST03-002.png?250701,ST03-002.jpg,-,
ST03-003,Crocodile,CHARACTER,,5,Special,"The Seven Warlords of the Sea, Baroque Works",-,Blue,https://en.onepiece-cardgame.com/images/cardlist/card/ST03-003.png?250701,ST03-003.jpg,"[Blocker] (After your opponent declares an attack, you may rest this card to make it the new target of the attack.)[DON!! x1] [On Block] Place up to 1 Character with a cost of 2 or less at the bottom of the owner's deck.",
ST03-004,Gecko Moria,CHARACTER,,4,Special,"The Seven Warlords of the Sea, Thriller Bark Pirates",1000,Blue,https://en.onepiece-cardgame.com/images/cardlist/card/ST03-004.png?250701,ST03-004.jpg,[On Play] Add up to 1 {The Seven Warlords of the Sea} or {Thriller Bark Pirates} type Character with a cost of 4 or less other than [Gecko Moria] from your trash to your hand.,
ST03-005,Dracule Mihawk,CHARACTER,,4,Slash,The Seven Warlords of the Sea,2000,Blue,https://en.onepiece-cardgame.com/images/cardlist/card/ST03-005.png?250701,ST03-005.jpg,[DON!! x1] [When Attacking] Draw 2 cards and trash 2 cards from your hand.,
ST03-006,Jinbe,CHARACTER,,2,Strike,"Fish-Man, The Seven Warlords of the Sea, The Sun Pirates",1000,Blue,https://en.onepiece-cardgame.com/images/cardlist/card/ST03-006.png?250701,ST03-006.jpg,-,
ST03-007,Sentomaru,CHARACTER,,3,Slash,Navy,1000,Blue,https://en.onepiece-cardgame.com/images/cardlist/card/ST03-007.png?250701,ST03-007.jpg,"[DON!! x1] [Activate: Main] [Once Per Turn] ➁ (You may rest the specified number of DON!! cards in your cost area.): Play up to 1 [Pacifista] with a cost of 4 or less from your deck, then shuffle your deck.",
ST03-008,Trafalgar Law,CHARACTER,,1,Slash,"The Seven Warlords of the Sea, Heart Pirates",-,Blue,https://en.onepiece-cardgame.com/images/cardlist/card/ST03-008.png?250701,ST03-008.jpg,"[Blocker] (After your opponent declares an attack, you may rest this card to make it the new target of the attack.)",
ST03-009,Donquixote Doflamingo,CHARACTER,,7,Special,"The Seven Warlords of the Sea, Donquixote Pirates",-,Blue,https://en.onepiece-cardgame.com/images/cardlist/card/ST03-009.png?250701,ST03-009.jpg,[On Play] Return up to 1 Character with a cost of 7 or less to the owner's hand.,
ST03-010,Bartholomew Kuma,CHARACTER,,2,Strike,"The Seven Warlords of the Sea, Revolutionary Army",-,Blue,https://en.onepiece-cardgame.com/images/cardlist/card/ST03-010.png?250701,ST03-010.jpg,[On Play] Look at 3 cards from the top of your deck and return them to the top or bottom of the deck in any order.,Play this card.
ST03-011,Buggy,CHARACTER,,1,Slash,"The Seven Warlords of the Sea, Buggy's Delivery",1000,Blue,https://en.onepiece-cardgame.com/images/cardlist/card/ST03-011.png?250701,ST03-011.jpg,-,
ST03-012,Pacifista,CHARACTER,,4,Special,"Biological Weapon, Navy",1000,Blue,https://en.onepiece-cardgame.com/images/cardlist/card/ST03-012.png?250701,ST03-012.jpg,-,
ST03-013,Boa Hancock,CHARACTER,,3,Special,"The Seven Warlords of the Sea, Kuja Pirates",1000,Blue,https://en.onepiece-cardgame.com/images/cardlist/card/ST03-013.png?250701,ST03-013.jpg,"[Blocker] (After your opponent declares an attack, you may rest this card to make it the new target of the attack.)",Play this card.
ST03-014,Marshall.D.Teach,CHARACTER,,4,Special,"The Seven Warlords of the Sea, Blackbeard Pirates",1000,Blue,https://en.onepiece-cardgame.com/images/cardlist/card/ST03-014.png?250701,ST03-014.jpg,[On Play] Return up to 1 Character with a cost of 3 or less to the owner's hand.,
ST03-015,Sables,EVENT,,4,,"The Seven Warlords of the Sea, Baroque Works",-,Blue,https://en.onepiece-cardgame.com/images/cardlist/card/ST03-015.png?250701,ST03-015.jpg,[Main] Return up to 1 Character with a cost of 7 or less to the owner's hand.,Activate this card's [Main] effect.
ST03-016,Thrust Pad Cannon,EVENT,,2,,"The Seven Warlords of the Sea, Revolutionary Army",-,Blue,https://en.onepiece-cardgame.com/images/cardlist/card/ST03-016.png?250701,ST03-016.jpg,[Counter] Return up to 1 Character with a cost of 3 or less to the owner's hand.,Activate this card's [Counter] effect.
ST03-017,Love-Love Mellow,EVENT,,2,,"The Seven Warlords of the Sea, Kuja Pirates",-,Blue,https://en.onepiece-cardgame.com/images/cardlist/card/ST03-017.png?250701,ST03-017.jpg,"[Counter] Up to 1 of your Leader or Character cards gains +4000 power during this battle. Then, draw 1 card if you have 3 or less cards in your hand.",
ST02-001,"Eustass""Captain""Kid",LEADER,5,,Special,"Supernovas, Kid Pirates",-,Green,https://en.onepiece-cardgame.com/images/cardlist/card/ST02-001.png?250701,ST02-001.jpg,[Activate: Main] [Once Per Turn]  ③ (You may rest the specified number of DON!! cards in your cost area.) You may trash 1 card from your hand: Set this Leader as active.,
ST02-002,Vito,CHARACTER,,3,Ranged,Firetank Pirates,1000,Green,https://en.onepiece-cardgame.com/images/cardlist/card/ST02-002.png?250701,ST02-002.jpg,-,
ST02-003,Urouge,CHARACTER,,2,Strike,"Supernovas, Fallen Monk Pirates",1000,Green,https://en.onepiece-cardgame.com/images/cardlist/card/ST02-003.png?250701,ST02-003.jpg,"[DON!! x1] If you have 3 or more Characters, this card gains +2000 power.",
ST02-004,"Capone""Gang""Bege",CHARACTER,,1,Special,"Supernovas, Firetank Pirates",-,Green,https://en.onepiece-cardgame.com/images/cardlist/card/ST02-004.png?250701,ST02-004.jpg,"[Blocker] (After your opponent declares an attack, you may rest this card to make it the new target of the attack.)",
ST02-005,Killer,CHARACTER,,3,Slash,"Supernovas, Kid Pirates",1000,Green,https://en.onepiece-cardgame.com/images/cardlist/card/ST02-005.png?250701,ST02-005.jpg,[On Play] K.O. up to 1 of your opponent's rested Characters with a cost of 3 or less.,Play this card.
ST02-006,Koby,CHARACTER,,4,Strike,Navy,1000,Green,https://en.onepiece-cardgame.com/images/cardlist/card/ST02-006.png?250701,ST02-006.jpg,-,
ST02-007,Jewelry Bonney,CHARACTER,,1,Special,"Supernovas, Bonney Pirates",1000,Green,https://en.onepiece-cardgame.com/images/cardlist/card/ST02-007.png?250701,ST02-007.jpg,"[Activate: Main] ➀ (You may rest the specified number of DON!! cards in your cost area.) You may rest this Character: Look at 5 cards from the top of your deck; reveal up to 1 {Supernovas} type card and add it to your hand. Then, place the rest at the bottom of your deck in any order.",
ST02-008,Scratchmen Apoo,CHARACTER,,2,Ranged,"Supernovas, On-Air Pirates",2000,Green,https://en.onepiece-cardgame.com/images/cardlist/card/ST02-008.png?250701,ST02-008.jpg,[DON!! x1] [When Attacking] Rest up to 1 of your opponent's DON!! cards.,
ST02-009,Trafalgar Law,CHARACTER,,5,Slash,"Supernovas, Heart Pirates",1000,Green,https://en.onepiece-cardgame.com/images/cardlist/card/ST02-009.png?250701,ST02-009.jpg,[On Play] Set up to 1 of your {Supernovas} or {Heart Pirates} type rested Characters with a cost of 5 or less as active.,
ST02-010,Basil Hawkins,CHARACTER,,5,Slash,"Supernovas, Hawkins Pirates",-,Green,https://en.onepiece-cardgame.com/images/cardlist/card/ST02-010.png?250701,ST02-010.jpg,"[DON!! x1] [Once Per Turn] [Your Turn] If this Character battles your opponent's Character, set this card as active.",
ST02-011,Heat,CHARACTER,,2,Special,Kid Pirates,1000,Green,https://en.onepiece-cardgame.com/images/cardlist/card/ST02-011.png?250701,ST02-011.jpg,-,
ST02-012,Bepo,CHARACTER,,1,Strike,"Minks, Heart Pirates",1000,Green,https://en.onepiece-cardgame.com/images/cardlist/card/ST02-012.png?250701,ST02-012.jpg,-,
ST02-013,"Eustass""Captain""Kid",CHARACTER,,7,Special,"Supernovas, Kid Pirates",-,Green,https://en.onepiece-cardgame.com/images/cardlist/card/ST02-013.png?250701,ST02-013.jpg,"[Blocker] (After your opponent declares an attack, you may rest this card to make it the new target of the attack.)[DON!! x1] [End of Your Turn] Set this Character as active.",
ST02-014,X.Drake,CHARACTER,,4,Slash,"Navy, Supernovas, Drake Pirates",1000,Green,https://en.onepiece-cardgame.com/images/cardlist/card/ST02-014.png?250701,ST02-014.jpg,"[DON!! x1] [Your Turn] If this Character is rested, your {Supernovas} or {Navy} type Leaders and Characters gain +1000 power.",
ST02-015,Scalpel,EVENT,,1,,"Supernovas, Heart Pirates",-,Green,https://en.onepiece-cardgame.com/images/cardlist/card/ST02-015.png?250701,ST02-015.jpg,"[Counter] Up to 1 of your Leader or Character cards gains +2000 power during this battle. Then, set up to 1 of your DON!! cards as active.",Set up to 2 of your DON!! cards as active.
ST02-016,Repel,EVENT,,2,,"Supernovas, Kid Pirates",-,Green,https://en.onepiece-cardgame.com/images/cardlist/card/ST02-016.png?250701,ST02-016.jpg,"[Counter] Up to 1 of your Leader or Character cards gains +4000 power during this battle. Then, set up to 1 of your DON!! cards as active.",
ST02-017,Straw Sword,EVENT,,2,,"Supernovas, Hawkins Pirates",-,Green,https://en.onepiece-cardgame.com/images/cardlist/card/ST02-017.png?250701,ST02-017.jpg,[Main] Rest up to 1 of your opponent's Characters.,Play up to 1 {Supernovas} type card with a cost of 2 or less from your hand.
OP09-015_p1,Lucky.Roux,CHARACTER,,4,Ranged,Red-Haired Pirates,1000,Red,https://en.onepiece-cardgame.com/images/cardlist/card/OP09-015_p1.png?250701,OP09-015_p1.jpg,"[Blocker] (After your opponent declares an attack, you may rest this card to make it the new target of the attack.)[On K.O.] If your Leader has the {Red-Haired Pirates} type, K.O. up to 1 of your opponent's Characters with a base power of 6000 or less.",
OP11-001,Koby,LEADER,4,,Strike,"Navy, SWORD",-,Red/Black,https://en.onepiece-cardgame.com/images/cardlist/card/OP11-001.png?250701,OP11-001.jpg,"Your {SWORD} type Characters can attack Characters on the turn in which they are played.[Once Per Turn] If your {Navy} type Character with 7000 base power or less would be removed from the field by your opponent's effect, you may place 3 cards from your trash at the bottom of your deck in any order instead.",
OP11-001_p1,Koby,LEADER,4,,Strike,"Navy, SWORD",-,Red/Black,https://en.onepiece-cardgame.com/images/cardlist/card/OP11-001_p1.png?250701,OP11-001_p1.jpg,"Your {SWORD} type Characters can attack Characters on the turn in which they are played.[Once Per Turn] If your {Navy} type Character with 7000 base power or less would be removed from the field by your opponent's effect, you may place 3 cards from your trash at the bottom of your deck in any order instead.",
OP11-002,Ain,CHARACTER,,3,Special,"FILM, Neo Navy",1000,Red,https://en.onepiece-cardgame.com/images/cardlist/card/OP11-002.png?250701,OP11-002.jpg,"[On Play] Give up to 1 of your opponent's Characters −1000 power during this turn. Then, K.O. up to 1 of your opponent's Characters with 0 power or less.",
OP11-003,Usopp,CHARACTER,,5,Ranged,Straw Hat Crew,2000,Red,https://en.onepiece-cardgame.com/images/cardlist/card/OP11-003.png?250701,OP11-003.jpg,-,
OP11-004,Kujyaku,CHARACTER,,1,Special,"Navy, SWORD",1000,Red,https://en.onepiece-cardgame.com/images/cardlist/card/OP11-004.png?250701,OP11-004.jpg,"[On Play] Look at 5 cards from the top of your deck; reveal up to 1 {Navy} type card other than [Kujyaku] and add it to your hand. Then, place the rest at the bottom of your deck in any order.[Activate: Main] You may trash this Character: Up to 1 of your Characters gains +1000 power during this turn.",
OP11-004_p1,Kujyaku,CHARACTER,,1,Special,"Navy, SWORD",1000,Red,https://en.onepiece-cardgame.com/images/cardlist/card/OP11-004_p1.png?250701,OP11-004_p1.jpg,"[On Play] Look at 5 cards from the top of your deck; reveal up to 1 {Navy} type card other than [Kujyaku] and add it to your hand. Then, place the rest at the bottom of your deck in any order.[Activate: Main] You may trash this Character: Up to 1 of your Characters gains +1000 power during this turn.",
OP11-005,Smoker,CHARACTER,,4,Special,Navy,1000,Red,https://en.onepiece-cardgame.com/images/cardlist/card/OP11-005.png?250701,OP11-005.jpg,"[Blocker] (After your opponent declares an attack, you may rest this card to make it the new target of the attack.)[DON!! x1] This Character cannot be K.O.'d by effects of Characters without the ＜Special＞ attribute.",
OP11-006,Zephyr,CHARACTER,,5,Strike,"FILM, Neo Navy",1000,Red,https://en.onepiece-cardgame.com/images/cardlist/card/OP11-006.png?250701,OP11-006.jpg,[DON!! x1] [When Attacking] Give up to 1 of your opponent's ＜Special＞ attribute Characters −5000 power during this turn.,
OP11-007,Tashigi,CHARACTER,,1,Slash,Navy,1000,Red,https://en.onepiece-cardgame.com/images/cardlist/card/OP11-007.png?250701,OP11-007.jpg,"[Activate: Main] You may rest this Character: If your Leader has the {Navy} type, up to 1 of your {Navy} type Characters gains +2000 power during this turn.",
OP11-008,Doll,CHARACTER,,4,Strike,Navy,1000,Red,https://en.onepiece-cardgame.com/images/cardlist/card/OP11-008.png?250701,OP11-008.jpg,"[Blocker][On Play] You may trash 1 card from your hand: If your Leader has the {Navy} type, give up to 1 of your opponent's Characters −6000 power during this turn.",
OP11-008_p1,Doll,CHARACTER,,4,Strike,Navy,1000,Red,https://en.onepiece-cardgame.com/images/cardlist/card/OP11-008_p1.png?250701,OP11-008_p1.jpg,"[Blocker][On Play] You may trash 1 card from your hand: If your Leader has the {Navy} type, give up to 1 of your opponent's Characters −6000 power during this turn.",
OP11-009,Nico Robin,CHARACTER,,3,Strike,Straw Hat Crew,1000,Red,https://en.onepiece-cardgame.com/images/cardlist/card/OP11-009.png?250701,OP11-009.jpg,[DON!! x2] [When Attacking] Give up to 1 of your opponent's Characters −2000 power until the end of your opponent's next turn.,
OP11-010,Hibari,CHARACTER,,5,Ranged,"Navy, SWORD",-,Red,https://en.onepiece-cardgame.com/images/cardlist/card/OP11-010.png?250701,OP11-010.jpg,"[On Play] Give up to 1 of your opponent's Characters −2000 power during this turn.[When Attacking] This Character gains +1000 power during this turn. Then, up to 1 of your {Navy} type Leader can also attack active Characters during this turn.",
OP11-010_p1,Hibari,CHARACTER,,5,Ranged,"Navy, SWORD",-,Red,https://en.onepiece-cardgame.com/images/cardlist/card/OP11-010_p1.png?250701,OP11-010_p1.jpg,"[On Play] Give up to 1 of your opponent's Characters −2000 power during this turn.[When Attacking] This Character gains +1000 power during this turn. Then, up to 1 of your {Navy} type Leader can also attack active Characters during this turn.",
OP11-011,Bins,CHARACTER,,5,Special,"FILM, Neo Navy",1000,Red,https://en.onepiece-cardgame.com/images/cardlist/card/OP11-011.png?250701,OP11-011.jpg,-,
OP11-012,Franky,CHARACTER,,4,Strike,Straw Hat Crew,2000,Red,https://en.onepiece-cardgame.com/images/cardlist/card/OP11-012.png?250701,OP11-012.jpg,"[Your Turn] [Once Per Turn] When your opponent activates an Event, all of your Characters gain +2000 power during this turn.",
OP11-013,Prince Grus,CHARACTER,,1,Special,"Navy, SWORD",2000,Red,https://en.onepiece-cardgame.com/images/cardlist/card/OP11-013.png?250701,OP11-013.jpg,[When Attacking] All of your opponent's Characters with 2000 power or less cannot activate [Blocker] during this turn.,
OP11-014,Borsalino,CHARACTER,,3,Special,"FILM, Navy",1000,Red,https://en.onepiece-cardgame.com/images/cardlist/card/OP11-014.png?250701,OP11-014.jpg,[Blocker][Activate: Main] You may rest this Character: Up to 1 of your {Navy} type Leader or Character cards can also attack active Characters during this turn.,
OP11-015,Mocha,CHARACTER,,4,Wisdom,Punk Hazard,1000,Red,https://en.onepiece-cardgame.com/images/cardlist/card/OP11-015.png?250701,OP11-015.jpg,-,
OP11-016,Roronoa Zoro,CHARACTER,,5,Slash,Straw Hat Crew,1000,Red,https://en.onepiece-cardgame.com/images/cardlist/card/OP11-016.png?250701,OP11-016.jpg,[Activate: Main] [Once Per Turn] Give up to 1 rested DON!! card to your Leader or 1 of your Characters.,
OP11-017,X.Drake,CHARACTER,,6,Slash,"Navy, SWORD, Drake Pirates",2000,Red,https://en.onepiece-cardgame.com/images/cardlist/card/OP11-017.png?250701,OP11-017.jpg,-,
OP11-018,Honesty Impact,EVENT,,6,,"Navy, SWORD",-,Red,https://en.onepiece-cardgame.com/images/cardlist/card/OP11-018.png?250701,OP11-018.jpg,"[Main] Give up to 1 of your opponent's Characters −4000 power during this turn. Then, K.O. up to 1 of your opponent's Characters with 6000 power or less.",K.O. up to 1 of your opponent's Characters with 6000 power or less.
OP11-018_p1,Honesty Impact,EVENT,,6,,"Navy, SWORD",-,Red,https://en.onepiece-cardgame.com/images/cardlist/card/OP11-018_p1.png?250701,OP11-018_p1.jpg,"[Main] Give up to 1 of your opponent's Characters −4000 power during this turn. Then, K.O. up to 1 of your opponent's Characters with 6000 power or less.",K.O. up to 1 of your opponent's Characters with 6000 power or less.
OP11-019,Glorp Web!!,EVENT,,2,,"Navy, SWORD",-,Red,https://en.onepiece-cardgame.com/images/cardlist/card/OP11-019.png?250701,OP11-019.jpg,"[Counter] Up to 1 of your Leader or Character cards gains +2000 power during this battle. Then, if your opponent has a Character with 6000 power or more, up to 1 of your Leader or Character cards gains +1000 power during this turn.",Up to 1 of your Leader or Character cards gains +1000 power during this turn.
OP11-020,X Calibur,EVENT,,2,,"Navy, SWORD, Drake Pirates",-,Red,https://en.onepiece-cardgame.com/images/cardlist/card/OP11-020.png?250701,OP11-020.jpg,"[Counter] Up to 1 of your Leader or Character cards gains +2000 power during this battle. Then, if your opponent has a Character with 6000 power or more, up to 1 of your Leader or Character cards gains +1000 power during this turn.",Up to 1 of your Leader or Character cards gains +1000 power during this turn.
OP11-021,Jinbe,LEADER,5,,Strike,"Fish-Man, Straw Hat Crew",-,Green,https://en.onepiece-cardgame.com/images/cardlist/card/OP11-021.png?250701,OP11-021.jpg,"[End of Your Turn] If you have 6 or less cards in your hand, set up to 1 of your {Fish-Man} or {Merfolk} type Characters and up to 1 of your DON!! cards as active.",
OP11-021_p1,Jinbe,LEADER,5,,Strike,"Fish-Man, Straw Hat Crew",-,Green,https://en.onepiece-cardgame.com/images/cardlist/card/OP11-021_p1.png?250701,OP11-021_p1.jpg,"[End of Your Turn] If you have 6 or less cards in your hand, set up to 1 of your {Fish-Man} or {Merfolk} type Characters and up to 1 of your DON!! cards as active.",
OP11-022,Shirahoshi,LEADER,5,,Wisdom,"Merfolk, Fish-Man Island",-,Green/Yellow,https://en.onepiece-cardgame.com/images/cardlist/card/OP11-022.png?250701,OP11-022.jpg,This Leader cannot attack.[Activate: Main] [Once Per Turn] You may rest 1 of your DON!! cards and turn 1 card from the top of your Life cards face-up: Play up to 1 {Neptunian} type Character card or [Megalo] with a cost equal to or less than the number of DON!! cards on your field from your hand.,
OP11-022_p1,Shirahoshi,LEADER,5,,Wisdom,"Merfolk, Fish-Man Island",-,Green/Yellow,https://en.onepiece-cardgame.com/images/cardlist/card/OP11-022_p1.png?250701,OP11-022_p1.jpg,This Leader cannot attack.[Activate: Main] [Once Per Turn] You may rest 1 of your DON!! cards and turn 1 card from the top of your Life cards face-up: Play up to 1 {Neptunian} type Character card or [Megalo] with a cost equal to or less than the number of DON!! cards on your field from your hand.,
OP11-023,Arlong,CHARACTER,,7,Slash,"Fish-Man, Fish-Man Island, The Sun Pirates",1000,Green,https://en.onepiece-cardgame.com/images/cardlist/card/OP11-023.png?250701,OP11-023.jpg,"If your Leader has the {Fish-Man} type, you have 3 or less Life cards and your opponent has 5 or more rested cards, give this card in your hand −3 cost.",Rest up to 1 of your opponent's Characters with a cost of 4 or less.
OP11-023_p1,Arlong,CHARACTER,,7,Slash,"Fish-Man, Fish-Man Island, The Sun Pirates",1000,Green,https://en.onepiece-cardgame.com/images/cardlist/card/OP11-023_p1.png?250701,OP11-023_p1.jpg,"If your Leader has the {Fish-Man} type, you have 3 or less Life cards and your opponent has 5 or more rested cards, give this card in your hand −3 cost.",Rest up to 1 of your opponent's Characters with a cost of 4 or less.
OP11-024,Aladine,CHARACTER,,4,Slash,"Merfolk, Fish-Man Island, The Sun Pirates",1000,Green,https://en.onepiece-cardgame.com/images/cardlist/card/OP11-024.png?250701,OP11-024.jpg,"When this Character is K.O.'d by your opponent's effect, you may trash 1 card from your hand and rest 1 of your DON!! cards. If you do, play up to 1 {Fish-Man} or {Merfolk} type Character card with a cost of 6 or less from your hand.",
OP11-025,Ishilly,CHARACTER,,2,Wisdom,"Merfolk, Fish-Man Island",1000,Green,https://en.onepiece-cardgame.com/images/cardlist/card/OP11-025.png?250701,OP11-025.jpg,[On Your Opponent's Attack] [Once Per Turn] You may rest 1 of your DON!! cards and this Character: Up to 1 of your Leader or Character cards gains +1000 power during this battle.,
OP11-026,Scaled Neptunian,CHARACTER,,6,Strike,Neptunian,1000,Green,https://en.onepiece-cardgame.com/images/cardlist/card/OP11-026.png?250701,OP11-026.jpg,-,
OP11-027,Bulge-Eyed Neptunian,CHARACTER,,4,Strike,Neptunian,-,Green,https://en.onepiece-cardgame.com/images/cardlist/card/OP11-027.png?250701,OP11-027.jpg,"If your Leader is [Shirahoshi], this Character can attack Characters on the turn in which it is played.",
OP11-028,Lord of the Coast,CHARACTER,,4,Strike,"Neptunian, East Blue",1000,Green,https://en.onepiece-cardgame.com/images/cardlist/card/OP11-028.png?250701,OP11-028.jpg,[On Play] Up to 1 of your opponent's rested Characters will not become active in your opponent's next Refresh Phase.,K.O. up to 1 of your opponent's rested Characters with a cost of 3 or less.
OP11-029,Charlotte Praline,CHARACTER,,3,Wisdom,"Merfolk, Fish-Man Island, The Sun Pirates",1000,Green,https://en.onepiece-cardgame.com/images/cardlist/card/OP11-029.png?250701,OP11-029.jpg,"[Blocker] (After your opponent declares an attack, you may rest this card to make it the new target of the attack.)[On Play] Rest up to 1 of your opponent's Characters with a cost of 1 or less.",
OP11-030,Shirahoshi,CHARACTER,,1,Wisdom,"Merfolk, Fish-Man Island",1000,Green,https://en.onepiece-cardgame.com/images/cardlist/card/OP11-030.png?250701,OP11-030.jpg,"[Activate: Main] You may rest 1 of your DON!! cards and this Character: Look at 5 cards from the top of your deck; reveal up to 1 {Neptunian} or {Fish-Man Island} type card and add it to your hand. Then, place the rest at the bottom of your deck in any order.",
OP11-031,Jinbe,CHARACTER,,6,Strike,"Fish-Man, Fish-Man Island, The Sun Pirates",-,Green,https://en.onepiece-cardgame.com/images/cardlist/card/OP11-031.png?250701,OP11-031.jpg,"[On Play] If your Leader has the {Fish-Man} or {Merfolk} type, rest up to 1 of your opponent's Characters with a cost of 5 or less.[Activate: Main] [Once Per Turn] Up to 1 of your {Fish-Man} or {Merfolk} type Characters can attack Characters on the turn in which it is played.",
OP11-031_p1,Jinbe,CHARACTER,,6,Strike,"Fish-Man, Fish-Man Island, The Sun Pirates",-,Green,https://en.onepiece-cardgame.com/images/cardlist/card/OP11-031_p1.png?250701,OP11-031_p1.jpg,"[On Play] If your Leader has the {Fish-Man} or {Merfolk} type, rest up to 1 of your opponent's Characters with a cost of 5 or less.[Activate: Main] [Once Per Turn] Up to 1 of your {Fish-Man} or {Merfolk} type Characters can attack Characters on the turn in which it is played.",
OP11-032,Surume,CHARACTER,,5,Strike,"Animal, Fish-Man Island",2000,Green,https://en.onepiece-cardgame.com/images/cardlist/card/OP11-032.png?250701,OP11-032.jpg,-,
OP11-033,Bird Neptunian,CHARACTER,,6,Strike,Neptunian,2000,Green,https://en.onepiece-cardgame.com/images/cardlist/card/OP11-033.png?250701,OP11-033.jpg,-,
OP11-034,Hatchan,CHARACTER,,4,Slash,"Fish-Man, Fish-Man Island, Former Arlong Pirates",1000,Green,https://en.onepiece-cardgame.com/images/cardlist/card/OP11-034.png?250701,OP11-034.jpg,"[Activate: Main] You may rest this Character: If your Leader has the {Fish-Man} or {Merfolk} type, up to 1 of your opponent's Characters with a cost of 3 or less cannot be rested until the end of your opponent's next turn.",
OP11-035,Fisher Tiger,CHARACTER,,6,Strike,"Fish-Man, Fish-Man Island, The Sun Pirates",1000,Green,https://en.onepiece-cardgame.com/images/cardlist/card/OP11-035.png?250701,OP11-035.jpg,"When this Character is K.O.'d by your opponent's effect, you may rest 1 of your DON!! cards. If you do, play up to 1 {Fish-Man} or {Merfolk} type Character card with a cost of 4 or less from your hand.[On Play] Rest up to 1 of your opponent's Characters.",
OP11-036,Spotted Neptunian,CHARACTER,,4,Strike,Neptunian,1000,Green,https://en.onepiece-cardgame.com/images/cardlist/card/OP11-036.png?250701,OP11-036.jpg,"[On Play] If your Leader is [Shirahoshi], look at 5 cards from the top of your deck; reveal up to 1 {Neptunian} type card or [Shirahoshi] and add it to your hand. Then, place the rest at the bottom of your deck in any order.",
OP11-037,Ancient Weapon Poseidon,EVENT,,1,,Fish-Man Island,-,Green,https://en.onepiece-cardgame.com/images/cardlist/card/OP11-037.png?250701,OP11-037.jpg,"[Main] Look at 4 cards from the top of your deck; reveal up to 1 {Neptunian} or {Fish-Man Island} type Character card and add it to your hand. Then, place the rest at the bottom of your deck in any order.",Draw 1 card.
OP11-038,Gum-Gum Elephant Gatling,EVENT,,1,,"Fish-Man Island, Supernovas, Straw Hat Crew",-,Green,https://en.onepiece-cardgame.com/images/cardlist/card/OP11-038.png?250701,OP11-038.jpg,[Main] You may rest 1 of your DON!! cards: Rest up to 1 of your opponent's Characters with a cost of 5 or less.[Counter] Up to 1 of your Leader gains +3000 power during this battle.,
OP11-039,Vagabond Drill,EVENT,,1,,"Fish-Man, Fish-Man Island, The Sun Pirates",-,Green,https://en.onepiece-cardgame.com/images/cardlist/card/OP11-039.png?250701,OP11-039.jpg,"[Counter] Up to 1 of your {Fish-Man} or {Merfolk} type Leader or Character cards gains +3000 power during this battle. Then, rest up to 1 of your opponent's Characters with a cost of 3 or less.",Rest up to 1 of your opponent's Characters with a cost of 4 or less.
OP11-040,Monkey.D.Luffy,LEADER,3,,Strike,Straw Hat Crew,-,Blue/Purple,https://en.onepiece-cardgame.com/images/cardlist/card/OP11-040.png?250701,OP11-040.jpg,"This effect can be activated at the start of your turn. If you have 8 or more DON!! cards on your field, look at 5 cards from the top of your deck; reveal up to 1 {Straw Hat Crew} type card and add it to your hand. Then, place the rest at the top or bottom of the deck in any order.",
OP11-040_p1,Monkey.D.Luffy,LEADER,3,,Strike,Straw Hat Crew,-,Blue/Purple,https://en.onepiece-cardgame.com/images/cardlist/card/OP11-040_p1.png?250701,OP11-040_p1.jpg,"This effect can be activated at the start of your turn. If you have 8 or more DON!! cards on your field, look at 5 cards from the top of your deck; reveal up to 1 {Straw Hat Crew} type card and add it to your hand. Then, place the rest at the top or bottom of the deck in any order.",
OP11-041,Nami,LEADER,4,,Special,Straw Hat Crew,-,Blue/Yellow,https://en.onepiece-cardgame.com/images/cardlist/card/OP11-041.png?250701,OP11-041.jpg,"[Your Turn] [Once Per Turn] This effect can be activated when a card is removed from your or your opponent's Life cards. If you have 7 or less cards in your hand, draw 1 card.[DON!! x1] [On Your Opponent's Attack] [Once Per Turn] You may trash 1 card from your hand: This Leader gains +2000 power during this turn.",
OP11-041_p1,Nami,LEADER,4,,Special,Straw Hat Crew,-,Blue/Yellow,https://en.onepiece-cardgame.com/images/cardlist/card/OP11-041_p1.png?250701,OP11-041_p1.jpg,"[Your Turn] [Once Per Turn] This effect can be activated when a card is removed from your or your opponent's Life cards. If you have 7 or less cards in your hand, draw 1 card.[DON!! x1] [On Your Opponent's Attack] [Once Per Turn] You may trash 1 card from your hand: This Leader gains +2000 power during this turn.",
OP11-042,Vito,CHARACTER,,3,Ranged,Firetank Pirates,1000,Blue,https://en.onepiece-cardgame.com/images/cardlist/card/OP11-042.png?250701,OP11-042.jpg,[On Play] You may trash 1 {Firetank Pirates} type card from your hand: This Character gains [Rush] during this turn.(This card can attack on the turn in which it is played.),
OP11-043,Vinsmoke Ichiji,CHARACTER,,7,Strike,"The Vinsmoke Family, GERMA 66",-,Blue,https://en.onepiece-cardgame.com/images/cardlist/card/OP11-043.png?250701,OP11-043.jpg,"[Blocker][On Your Opponent's Attack] [Once Per Turn] This effect can be activated when you only have Characters with a type including ""GERMA"". Up to 1 of your Leader or Character cards gains +1000 power during this battle. Then, trash 2 cards from the top of your deck.",
OP11-044,Vinsmoke Judge,CHARACTER,,6,Slash,"The Vinsmoke Family, GERMA 66",-,Blue,https://en.onepiece-cardgame.com/images/cardlist/card/OP11-044.png?250701,OP11-044.jpg,[Activate: Main] [Once Per Turn] You may trash 1 card from your hand: All of your {GERMA 66} type Characters gain +1000 power during this turn.,
OP11-045,Vinsmoke Niji,CHARACTER,,5,Special,"The Vinsmoke Family, GERMA 66",2000,Blue,https://en.onepiece-cardgame.com/images/cardlist/card/OP11-045.png?250701,OP11-045.jpg,-,
OP11-046,Vinsmoke Yonji,CHARACTER,,4,Strike,"The Vinsmoke Family, GERMA 66",1000,Blue,https://en.onepiece-cardgame.com/images/cardlist/card/OP11-046.png?250701,OP11-046.jpg,"[Blocker] (After your opponent declares an attack, you may rest this card to make it the new target of the attack.)If you only have Characters with a type including ""GERMA"", this Character cannot be K.O.'d or rested by your opponent's effects.",
OP11-047,Vinsmoke Reiju,CHARACTER,,4,Special,"The Vinsmoke Family, GERMA 66",2000,Blue,https://en.onepiece-cardgame.com/images/cardlist/card/OP11-047.png?250701,OP11-047.jpg,"[On Play] If your Leader has the {The Vinsmoke Family} type, look at 5 cards from the top of your deck; reveal up to 1 card with a type including ""GERMA"" and add it to your hand. Then, trash the rest.",
OP11-047_p1,Vinsmoke Reiju,CHARACTER,,4,Special,"The Vinsmoke Family, GERMA 66",2000,Blue,https://en.onepiece-cardgame.com/images/cardlist/card/OP11-047_p1.png?250701,OP11-047_p1.jpg,"[On Play] If your Leader has the {The Vinsmoke Family} type, look at 5 cards from the top of your deck; reveal up to 1 card with a type including ""GERMA"" and add it to your hand. Then, trash the rest.",
OP11-048,"Capone""Gang""Bege",CHARACTER,,1,Ranged,"Supernovas, Firetank Pirates",1000,Blue,https://en.onepiece-cardgame.com/images/cardlist/card/OP11-048.png?250701,OP11-048.jpg,"[On Play] Look at 4 cards from the top of your deck; reveal up to 1 {Firetank Pirates} or {Straw Hat Crew} type card with a cost of 2 or more and add it to your hand. Then, place the rest at the bottom of your deck in any order.",
OP11-049,Carrot,CHARACTER,,1,Special,Minks,1000,Blue,https://en.onepiece-cardgame.com/images/cardlist/card/OP11-049.png?250701,OP11-049.jpg,[On Play] Look at 3 cards from the top of your deck and place them at the top or bottom of the deck in any order.[On Your Opponent's Attack] You may trash this Character: Up to 1 of your Leader gains +1000 power during this battle.,
OP11-050,Gotti,CHARACTER,,3,Ranged,Firetank Pirates,2000,Blue,https://en.onepiece-cardgame.com/images/cardlist/card/OP11-050.png?250701,OP11-050.jpg,[When Attacking] You may trash 1 {Firetank Pirates} type card from your hand: Return up to 1 Character with a cost of 1 or less to the owner's hand or place it at the bottom of their deck.,
OP11-051,Sanji,CHARACTER,,6,Strike,"The Vinsmoke Family, Straw Hat Crew",-,Blue,https://en.onepiece-cardgame.com/images/cardlist/card/OP11-051.png?250701,OP11-051.jpg,"When this Character is K.O.'d by your opponent's effect, look at 5 cards from the top of your deck and play up to 1 {Straw Hat Crew} type Character card with a cost of 5 or less. Then, place the rest at the bottom of your deck in any order.[On Play] Return up to 1 Character with 5000 base power or less to the owner's hand.",
OP11-051_p1,Sanji,CHARACTER,,6,Strike,"The Vinsmoke Family, Straw Hat Crew",-,Blue,https://en.onepiece-cardgame.com/images/cardlist/card/OP11-051_p1.png?250701,OP11-051_p1.jpg,"When this Character is K.O.'d by your opponent's effect, look at 5 cards from the top of your deck and play up to 1 {Straw Hat Crew} type Character card with a cost of 5 or less. Then, place the rest at the bottom of your deck in any order.[On Play] Return up to 1 Character with 5000 base power or less to the owner's hand.",
OP11-052,Charlotte Lola,CHARACTER,,5,Slash,"Firetank Pirates, Former Rolling Pirates",1000,Blue,https://en.onepiece-cardgame.com/images/cardlist/card/OP11-052.png?250701,OP11-052.jpg,-,
OP11-053,Tony Tony.Chopper,CHARACTER,,5,Strike,"Animal, Straw Hat Crew",2000,Blue,https://en.onepiece-cardgame.com/images/cardlist/card/OP11-053.png?250701,OP11-053.jpg,-,
OP11-054,Nami,CHARACTER,,5,Special,Straw Hat Crew,1000,Blue,https://en.onepiece-cardgame.com/images/cardlist/card/OP11-054.png?250701,OP11-054.jpg,"[Blocker] (After your opponent declares an attack, you may rest this card to make it the new target of the attack.)[On Play] If your Leader is multicolored, draw 3 cards and place 2 cards from your hand at the top or bottom of your deck in any order.",
OP11-054_p1,Nami,CHARACTER,,5,Special,Straw Hat Crew,1000,Blue,https://en.onepiece-cardgame.com/images/cardlist/card/OP11-054_p1.png?250701,OP11-054_p1.jpg,"[Blocker] (After your opponent declares an attack, you may rest this card to make it the new target of the attack.)[On Play] If your Leader is multicolored, draw 3 cards and place 2 cards from your hand at the top or bottom of your deck in any order.",
OP11-055,Bartolomeo,CHARACTER,,6,Special,"Dressrosa, Supernovas",2000,Blue,https://en.onepiece-cardgame.com/images/cardlist/card/OP11-055.png?250701,OP11-055.jpg,-,
OP11-056,Brook,CHARACTER,,3,Slash,Straw Hat Crew,1000,Blue,https://en.onepiece-cardgame.com/images/cardlist/card/OP11-056.png?250701,OP11-056.jpg,"[Blocker] (After your opponent declares an attack, you may rest this card to make it the new target of the attack.)[On Play] Place up to 1 Character with a base cost of 1 at the bottom of the owner's deck.",
OP11-057,Pedro,CHARACTER,,1,Slash,Minks,1000,Blue,https://en.onepiece-cardgame.com/images/cardlist/card/OP11-057.png?250701,OP11-057.jpg,"If you have 4 or less cards in your hand, this Character gains [Blocker].(After your opponent declares an attack, you may rest this card to make it the new target of the attack.)",
OP11-058,Monkey.D.Luffy,CHARACTER,,5,Strike,Straw Hat Crew,1000,Blue,https://en.onepiece-cardgame.com/images/cardlist/card/OP11-058.png?250701,OP11-058.jpg,"If you have 5 or more cards in your hand, this Character cannot attack.[Blocker] (After your opponent declares an attack, you may rest this card to make it the new target of the attack.)",
OP11-059,Gum-Gum King Cobra,EVENT,,1,,Straw Hat Crew,-,Blue,https://en.onepiece-cardgame.com/images/cardlist/card/OP11-059.png?250701,OP11-059.jpg,"[Counter] Up to 1 of your Leader or Character cards gains +2000 power during this battle. Then, if you have 4 or less cards in your hand, that card gains an additional +2000 power during this battle.",Return up to 1 Character with a cost of 2 or less to the owner's hand.
OP11-060,Let's Crash This Wedding!!!,EVENT,,1,,Straw Hat Crew,-,Blue,https://en.onepiece-cardgame.com/images/cardlist/card/OP11-060.png?250701,OP11-060.jpg,"[Main] If your Leader is multicolored, look at 5 cards from the top of your deck; reveal up to 1 {Straw Hat Crew} type card other than [Let's Crash This Wedding!!!] and add it to your hand. Then, place the rest at the bottom of your deck in any order.",Activate this card's [Main] effect.
OP11-061,Gum-Gum Jet Culverin,EVENT,,3,,Straw Hat Crew,-,Blue,https://en.onepiece-cardgame.com/images/cardlist/card/OP11-061.png?250701,OP11-061.jpg,[Main] Place up to 1 of your opponent's Characters with a base cost of 4 or less at the bottom of the owner's deck.,Place up to 1 Character with a cost of 1 or less at the bottom of the owner's deck.
OP11-062,Charlotte Katakuri,LEADER,5,,Strike,Big Mom Pirates,-,Purple,https://en.onepiece-cardgame.com/images/cardlist/card/OP11-062.png?250701,OP11-062.jpg,"[When Attacking]/[On Your Opponent's Attack] [Once Per Turn] DON!! −1: Look at 1 card from the top of your opponent's deck. Then, this Leader gains +1000 power during this battle.",
OP11-062_p1,Charlotte Katakuri,LEADER,5,,Strike,Big Mom Pirates,-,Purple,https://en.onepiece-cardgame.com/images/cardlist/card/OP11-062_p1.png?250701,OP11-062_p1.jpg,"[When Attacking]/[On Your Opponent's Attack] [Once Per Turn] DON!! −1: Look at 1 card from the top of your opponent's deck. Then, this Leader gains +1000 power during this battle.",
OP11-063,Little Sadi,CHARACTER,,2,Wisdom,Impel Down,2000,Purple,https://en.onepiece-cardgame.com/images/cardlist/card/OP11-063.png?250701,OP11-063.jpg,"[On Play] DON!! −1 (You may return the specified number of DON!! cards from your field to your DON!! deck.): If your Leader has the {Impel Down} type, rest up to 1 of your opponent's Characters with a cost of 3 or less.",
OP11-064,Saldeath,CHARACTER,,6,Wisdom,Impel Down,1000,Purple,https://en.onepiece-cardgame.com/images/cardlist/card/OP11-064.png?250701,OP11-064.jpg,-,
OP11-065,Charlotte Anana,CHARACTER,,1,Wisdom,Big Mom Pirates,1000,Purple,https://en.onepiece-cardgame.com/images/cardlist/card/OP11-065.png?250701,OP11-065.jpg,"If you have a purple {Big Mom Pirates} type Character other than [Charlotte Anana], this Character gains [Blocker].(After your opponent declares an attack, you may rest this card to make it the new target of the attack.)",
OP11-066,Charlotte Oven,CHARACTER,,4,Special,Big Mom Pirates,1000,Purple,https://en.onepiece-cardgame.com/images/cardlist/card/OP11-066.png?250701,OP11-066.jpg,"[Activate: Main] You may rest this Character: Choose a cost and reveal 1 card from the top of your opponent's deck. If the revealed card has the chosen cost, K.O. up to 1 of your opponent's Characters with a base cost of 3 or less. Then, add up to 1 DON!! card from your DON!! deck and rest it.",
OP11-067,Charlotte Katakuri,CHARACTER,,8,Strike,Big Mom Pirates,-,Purple,https://en.onepiece-cardgame.com/images/cardlist/card/OP11-067.png?250701,OP11-067.jpg,"[Blocker][End of Your Turn] Set up to 2 of your {Big Mom Pirates} type Characters with a cost of 3 or more as active. Then, add up to 1 DON!! card from your DON!! deck and rest it.",
OP11-067_p1,Charlotte Katakuri,CHARACTER,,8,Strike,Big Mom Pirates,-,Purple,https://en.onepiece-cardgame.com/images/cardlist/card/OP11-067_p1.png?250701,OP11-067_p1.jpg,"[Blocker][End of Your Turn] Set up to 2 of your {Big Mom Pirates} type Characters with a cost of 3 or more as active. Then, add up to 1 DON!! card from your DON!! deck and rest it.",
OP11-068,Charlotte Daifuku,CHARACTER,,6,Slash,Big Mom Pirates,2000,Purple,https://en.onepiece-cardgame.com/images/cardlist/card/OP11-068.png?250701,OP11-068.jpg,-,
OP11-069,Charlotte Brulee,CHARACTER,,3,Special,Big Mom Pirates,1000,Purple,https://en.onepiece-cardgame.com/images/cardlist/card/OP11-069.png?250701,OP11-069.jpg,"[On Play] You may add 1 card from the top of your Life cards to your hand: If your Leader has the {Big Mom Pirates} type, add up to 1 DON!! card from your DON!! deck and set it as active.",
OP11-070,Charlotte Pudding,CHARACTER,,1,Wisdom,Big Mom Pirates,1000,Purple,https://en.onepiece-cardgame.com/images/cardlist/card/OP11-070.png?250701,OP11-070.jpg,"[On Play] Look at 5 cards from the top of your deck; reveal up to 1 {Big Mom Pirates} type card with a cost of 2 or more and add it to your hand. Then, place the rest at the bottom of your deck in any order.[Activate: Main] DON!! −1, You may rest this Character: Look at 1 card from the top of your opponent's deck.",
OP11-070_p1,Charlotte Pudding,CHARACTER,,1,Wisdom,Big Mom Pirates,1000,Purple,https://en.onepiece-cardgame.com/images/cardlist/card/OP11-070_p1.png?250701,OP11-070_p1.jpg,"[On Play] Look at 5 cards from the top of your deck; reveal up to 1 {Big Mom Pirates} type card with a cost of 2 or more and add it to your hand. Then, place the rest at the bottom of your deck in any order.[Activate: Main] DON!! −1, You may rest this Character: Look at 1 card from the top of your opponent's deck.",
OP11-071,Charlotte Perospero,CHARACTER,,5,Special,Big Mom Pirates,-,Purple,https://en.onepiece-cardgame.com/images/cardlist/card/OP11-071.png?250701,OP11-071.jpg,"[Activate: Main] [Once Per Turn] You may trash 1 card from your hand: Choose a cost and reveal 1 card from the top of your opponent's deck. If the revealed card has the chosen cost, draw 1 card and add up to 1 DON!! card from your DON!! deck and set it as active.",
OP11-072,Charlotte Mont-d'or,CHARACTER,,3,Special,Big Mom Pirates,2000,Purple,https://en.onepiece-cardgame.com/images/cardlist/card/OP11-072.png?250701,OP11-072.jpg,"[Activate: Main] [Once Per Turn] DON!! −1, You may rest this Character: Your opponent places 2 cards from their trash at the bottom of their deck in any order. Then, add 1 card from the top of your Life cards to your hand.",
OP11-073,Charlotte Linlin,CHARACTER,,10,Special,"The Four Emperors, Big Mom Pirates",-,Purple,https://en.onepiece-cardgame.com/images/cardlist/card/OP11-073.png?250701,OP11-073.jpg,"If your Leader has the {Big Mom Pirates} type, this Character gains [Rush].[On Your Opponent's Attack] [Once Per Turn] DON!! −5: Choose a cost and reveal 1 card from the top of your opponent's deck. If the revealed card has the chosen cost, up to 1 of your Leader gains +2000 power during this turn.",
OP11-073_p1,Charlotte Linlin,CHARACTER,,10,Special,"The Four Emperors, Big Mom Pirates",-,Purple,https://en.onepiece-cardgame.com/images/cardlist/card/OP11-073_p1.png?250701,OP11-073_p1.jpg,"If your Leader has the {Big Mom Pirates} type, this Character gains [Rush].[On Your Opponent's Attack] [Once Per Turn] DON!! −5: Choose a cost and reveal 1 card from the top of your opponent's deck. If the revealed card has the chosen cost, up to 1 of your Leader gains +2000 power during this turn.",
OP11-074,Streusen,CHARACTER,,3,Slash,Big Mom Pirates,2000,Purple,https://en.onepiece-cardgame.com/images/cardlist/card/OP11-074.png?250701,OP11-074.jpg,"[Activate: Main] [Once Per Turn] DON!! −1, You may rest this Character: Choose a cost and reveal 1 card from the top of your opponent's deck. If the revealed card has the chosen cost, rest up to 1 of your opponent's Characters with a cost of 4 or less.",
OP11-075,Jaguar.D.Saul,CHARACTER,,6,Strike,"Giant, Ohara, Former Navy",-,Purple,https://en.onepiece-cardgame.com/images/cardlist/card/OP11-075.png?250701,OP11-075.jpg,"[On Play] If your Leader is [Nico Robin] and you have 7 or more DON!! cards on your field, draw 2 cards.",Activate this card's [On Play] effect.
OP11-076,Hannyabal,CHARACTER,,5,Slash,Impel Down,1000,Purple,https://en.onepiece-cardgame.com/images/cardlist/card/OP11-076.png?250701,OP11-076.jpg,"[Blocker][On Play] If your Leader has the {Impel Down} type, play up to 1 {Impel Down} type Character card with a cost of 3 or less from your hand.",
OP11-077,Randolph,CHARACTER,,1,Slash,"Homies, Big Mom Pirates",1000,Purple,https://en.onepiece-cardgame.com/images/cardlist/card/OP11-077.png?250701,OP11-077.jpg,"[Your Turn] [Once Per Turn] When a DON!! card on your field is returned to your DON!! deck, up to 1 of your {Big Mom Pirates} type Characters gains +2 cost until the end of your opponent's next turn.",
OP11-078,Decuplets,CHARACTER,,5,Wisdom,Big Mom Pirates,2000,Purple,https://en.onepiece-cardgame.com/images/cardlist/card/OP11-078.png?250701,OP11-078.jpg,-,
OP11-079,When Two Men Are Fighting the Last Thing I Need Is Some Half-Hearted Assistance!!!!,EVENT,,1,,Big Mom Pirates,-,Purple,https://en.onepiece-cardgame.com/images/cardlist/card/OP11-079.png?250701,OP11-079.jpg,"[Counter] Choose a cost and reveal 1 card from the top of your opponent's deck. If the revealed card has the chosen cost, up to 1 of your Leader or Character cards gains +5000 power during this battle.",Draw 1 card.
OP11-080,Gear Two,EVENT,,1,,Straw Hat Crew,-,Purple,https://en.onepiece-cardgame.com/images/cardlist/card/OP11-080.png?250701,OP11-080.jpg,"[Main] You may rest 2 of your DON!! cards: If your Leader's colors include blue, add up to 1 DON!! card from your DON!! deck and rest it.[Counter] Up to 1 of your Leader gains +3000 power during this battle.",
OP11-080_p1,Gear Two,EVENT,,1,,Straw Hat Crew,-,Purple,https://en.onepiece-cardgame.com/images/cardlist/card/OP11-080_p1.png?250701,OP11-080_p1.jpg,"[Main] You may rest 2 of your DON!! cards: If your Leader's colors include blue, add up to 1 DON!! card from your DON!! deck and rest it.[Counter] Up to 1 of your Leader gains +3000 power during this battle.",
OP11-081,Cognac Mama-Mash,EVENT,,6,,"The Four Emperors, Big Mom Pirates",-,Purple,https://en.onepiece-cardgame.com/images/cardlist/card/OP11-081.png?250701,OP11-081.jpg,"[Main] Choose a cost and reveal 1 card from the top of your opponent's deck. If the revealed card has the chosen cost, K.O. up to 1 of your opponent's Characters with a base cost of 8 or less.",Add up to 1 DON!! card from your DON!! deck and set it as active.
OP11-082,Aramaki,CHARACTER,,1,Special,Navy,2000,Black,https://en.onepiece-cardgame.com/images/cardlist/card/OP11-082.png?250701,OP11-082.jpg,"[Activate: Main] You may trash this Character: If your Leader has the {Navy} type, up to 1 of your {Navy} type Characters can also attack active Characters during this turn. Then, trash 2 cards from the top of your deck.",
OP11-083,Caribou,CHARACTER,,1,Special,Caribou Pirates,2000,Black,https://en.onepiece-cardgame.com/images/cardlist/card/OP11-083.png?250701,OP11-083.jpg,"[Blocker] (After your opponent declares an attack, you may rest this card to make it the new target of the attack.)[On Play] Trash 2 cards from your hand.",
OP11-084,Kuzan,CHARACTER,,4,Special,Navy,1000,Black,https://en.onepiece-cardgame.com/images/cardlist/card/OP11-084.png?250701,OP11-084.jpg,[On Play] Trash 3 cards from the top of your deck.[When Attacking] Up to 1 of your {Navy} type Leader or Character cards can also attack active Characters during this turn.,
OP11-084_p1,Kuzan,CHARACTER,,4,Special,Navy,1000,Black,https://en.onepiece-cardgame.com/images/cardlist/card/OP11-084_p1.png?250701,OP11-084_p1.jpg,[On Play] Trash 3 cards from the top of your deck.[When Attacking] Up to 1 of your {Navy} type Leader or Character cards can also attack active Characters during this turn.,
OP11-085,Kurozumi Orochi,CHARACTER,,3,Wisdom,"Land of Wano, Kurozumi Clan",1000,Black,https://en.onepiece-cardgame.com/images/cardlist/card/OP11-085.png?250701,OP11-085.jpg,[On Play] Add up to 1 {SMILE} type card with a cost of 5 or less from your trash to your hand.,
OP11-086,Coribou,CHARACTER,,3,Strike,Caribou Pirates,1000,Black,https://en.onepiece-cardgame.com/images/cardlist/card/OP11-086.png?250701,OP11-086.jpg,[On Play] Trash 1 card from your hand.[Activate: Main] You may trash this Character: Play up to 1 [Caribou] with a cost of 4 or less from your trash.,
OP11-087,Miss Sarahebi,CHARACTER,,5,Wisdom,"Animal Kingdom Pirates, SMILE",2000,Black,https://en.onepiece-cardgame.com/images/cardlist/card/OP11-087.png?250701,OP11-087.jpg,-,
OP11-088,Shu,CHARACTER,,4,Special,Navy,1000,Black,https://en.onepiece-cardgame.com/images/cardlist/card/OP11-088.png?250701,OP11-088.jpg,"[Blocker] (After your opponent declares an attack, you may rest this card to make it the new target of the attack.)[Once Per Turn] This effect can be activated when your opponent's Character attacks. If that Character has the ＜Slash＞ attribute, this Character gains +5000 power during this battle.",
OP11-089,Black Maria,CHARACTER,,5,Special,Animal Kingdom Pirates,1000,Black,https://en.onepiece-cardgame.com/images/cardlist/card/OP11-089.png?250701,OP11-089.jpg,-,
OP11-090,Briscola,CHARACTER,,2,Strike,"Animal Kingdom Pirates, SMILE",1000,Black,https://en.onepiece-cardgame.com/images/cardlist/card/OP11-090.png?250701,OP11-090.jpg,"[Blocker] (After your opponent declares an attack, you may rest this card to make it the new target of the attack.)",
OP11-091,Berry Good,CHARACTER,,4,Special,Navy,2000,Black,https://en.onepiece-cardgame.com/images/cardlist/card/OP11-091.png?250701,OP11-091.jpg,[On Play] Your opponent places 3 Events from their trash at the bottom of their deck in any order.,
OP11-092,Helmeppo,CHARACTER,,6,Slash,"Navy, SWORD",-,Black,https://en.onepiece-cardgame.com/images/cardlist/card/OP11-092.png?250701,OP11-092.jpg,"[On Play] You may trash 1 card from your hand: Draw 1 card and play up to 1 {SWORD} type Character card with a cost of 8 or less other than [Helmeppo] from your trash. Then, place the 1 Character played by this effect at the bottom of the owner's deck at the end of this turn.",
OP11-092_p1,Helmeppo,CHARACTER,,6,Slash,"Navy, SWORD",-,Black,https://en.onepiece-cardgame.com/images/cardlist/card/OP11-092_p1.png?250701,OP11-092_p1.jpg,"[On Play] You may trash 1 card from your hand: Draw 1 card and play up to 1 {SWORD} type Character card with a cost of 8 or less other than [Helmeppo] from your trash. Then, place the 1 Character played by this effect at the bottom of the owner's deck at the end of this turn.",
OP11-093,Bogard,CHARACTER,,6,Slash,Navy,2000,Black,https://en.onepiece-cardgame.com/images/cardlist/card/OP11-093.png?250701,OP11-093.jpg,-,
OP11-094,Morgan,CHARACTER,,6,Slash,Navy,1000,Black,https://en.onepiece-cardgame.com/images/cardlist/card/OP11-094.png?250701,OP11-094.jpg,-,
OP11-095,Monkey.D.Garp,CHARACTER,,8,Strike,Navy,-,Black,https://en.onepiece-cardgame.com/images/cardlist/card/OP11-095.png?250701,OP11-095.jpg,"[On Play] You may place 3 {Navy} type cards from your trash at the bottom of your deck in any order: Give up to 1 rested DON!! card to 1 of your Leader. Then, if there is a Character with a cost of 9 or more, K.O. up to 1 of your opponent's Characters with a cost of 7 or less.",
OP11-095_p1,Monkey.D.Garp,CHARACTER,,8,Strike,Navy,-,Black,https://en.onepiece-cardgame.com/images/cardlist/card/OP11-095_p1.png?250701,OP11-095_p1.jpg,"[On Play] You may place 3 {Navy} type cards from your trash at the bottom of your deck in any order: Give up to 1 rested DON!! card to 1 of your Leader. Then, if there is a Character with a cost of 9 or more, K.O. up to 1 of your opponent's Characters with a cost of 7 or less.",
OP11-096,Ripper,CHARACTER,,1,Wisdom,"East Blue, Navy",1000,Black,https://en.onepiece-cardgame.com/images/cardlist/card/OP11-096.png?250701,OP11-096.jpg,"If you have a black {Navy} type Character other than [Ripper], this Character gains [Blocker].(After your opponent declares an attack, you may rest this card to make it the new target of the attack.)",
OP11-097,After All These Years I'm Losing My Edge!!!,EVENT,,1,,Navy,-,Black,https://en.onepiece-cardgame.com/images/cardlist/card/OP11-097.png?250701,OP11-097.jpg,"[Counter] Up to 1 of your Leader or Character cards gains +1000 power during this battle. Then, if you have 10 or more cards in your trash, add up to 1 black Character card with a cost of 3 or less from your trash to your hand.",
OP11-098,Blue Hole,EVENT,,3,,Navy,-,Black,https://en.onepiece-cardgame.com/images/cardlist/card/OP11-098.png?250701,OP11-098.jpg,[Main] You may trash 3 cards from the top of your deck: K.O. up to 1 of your opponent's Characters with a cost of 2 or less.,Up to 1 of your Leader or Character cards gains +1000 power during this turn.
OP11-099,I'm Gonna Be a Navy Officer!!!,EVENT,,1,,"East Blue, Navy",-,Black,https://en.onepiece-cardgame.com/images/cardlist/card/OP11-099.png?250701,OP11-099.jpg,"[Main] Look at 3 cards from the top of your deck; reveal up to 1 {Navy} type card other than [I'm Gonna Be a Navy Officer!!!] and add it to your hand. Then, trash the rest.",Activate this card's [Main] effect.
OP11-100,Otohime,CHARACTER,,1,Wisdom,"Merfolk, Fish-Man Island",2000,Yellow,https://en.onepiece-cardgame.com/images/cardlist/card/OP11-100.png?250701,OP11-100.jpg,"[On Play] If your Leader is [Shirahoshi], you may turn 1 card from the top of your Life cards face-down: Draw 1 card.",
OP11-101,"Capone""Gang""Bege",CHARACTER,,2,Ranged,"Supernovas, Firetank Pirates",1000,Yellow,https://en.onepiece-cardgame.com/images/cardlist/card/OP11-101.png?250701,OP11-101.jpg,"[Blocker][Once Per Turn] If your {Supernovas} type Character other than [Capone""Gang""Bege] would be removed from the field by your opponent's effect, you may add it to the top of your Life cards face-down instead.",
OP11-101_p1,"Capone""Gang""Bege",CHARACTER,,2,Ranged,"Supernovas, Firetank Pirates",1000,Yellow,https://en.onepiece-cardgame.com/images/cardlist/card/OP11-101_p1.png?250701,OP11-101_p1.jpg,"[Blocker][Once Per Turn] If your {Supernovas} type Character other than [Capone""Gang""Bege] would be removed from the field by your opponent's effect, you may add it to the top of your Life cards face-down instead.",
OP11-102,Camie,CHARACTER,,1,Wisdom,"Merfolk, Fish-Man Island",2000,Yellow,https://en.onepiece-cardgame.com/images/cardlist/card/OP11-102.png?250701,OP11-102.jpg,"[Your Turn] [Once Per Turn] This effect can be activated when your opponent activates an Event or [Trigger]. If your opponent has 2 or more Life cards, trash 1 card from the top of each of your and your opponent's Life cards.",
OP11-103,Long-Jaw Neptunian,CHARACTER,,5,Strike,Neptunian,-,Yellow,https://en.onepiece-cardgame.com/images/cardlist/card/OP11-103.png?250701,OP11-103.jpg,"[Activate: Main] If your Leader is [Shirahoshi], you may rest this Character and turn 1 card from the top of your Life cards face-down: K.O. up to 1 of your opponent's Characters with a cost of 3 or less.",
OP11-104,Shirley,CHARACTER,,3,Wisdom,"Merfolk, Fish-Man Island",1000,Yellow,https://en.onepiece-cardgame.com/images/cardlist/card/OP11-104.png?250701,OP11-104.jpg,"[Blocker][On Play] You may turn 1 card from the top of your Life cards face-down: Look at 3 cards from the top of your deck; reveal up to 1 {Fish-Man Island} type card and add it to your hand. Then, place the rest at the top or bottom of the deck in any order.",
OP11-105,Charlotte Chiffon,CHARACTER,,5,Wisdom,"Firetank Pirates, Former Big Mom Pirates",2000,Yellow,https://en.onepiece-cardgame.com/images/cardlist/card/OP11-105.png?250701,OP11-105.jpg,-,
OP11-106,Zeus,CHARACTER,,2,Special,"Homies, Big Mom Pirates",2000,Yellow,https://en.onepiece-cardgame.com/images/cardlist/card/OP11-106.png?250701,OP11-106.jpg,[On Play] You may add 1 card from the top or bottom of your Life cards to your hand: K.O. up to 1 of your opponent's Characters with a cost of 5 or less.,
OP11-106_p1,Zeus,CHARACTER,,2,Special,"Homies, Big Mom Pirates",2000,Yellow,https://en.onepiece-cardgame.com/images/cardlist/card/OP11-106_p1.png?250701,OP11-106_p1.jpg,[On Play] You may add 1 card from the top or bottom of your Life cards to your hand: K.O. up to 1 of your opponent's Characters with a cost of 5 or less.,
OP11-107,Topknot Neptunian,CHARACTER,,5,Strike,Neptunian,1000,Yellow,https://en.onepiece-cardgame.com/images/cardlist/card/OP11-107.png?250701,OP11-107.jpg,"[Blocker][Activate: Main] [Once Per Turn] If your Leader is [Shirahoshi], you may turn 1 card from the top of your Life cards face-down: Set this Character as active at the end of this turn.",
OP11-108,Neptune,CHARACTER,,5,Slash,"Merfolk, Fish-Man Island",-,Yellow,https://en.onepiece-cardgame.com/images/cardlist/card/OP11-108.png?250701,OP11-108.jpg,"[On Play] If your Leader is [Shirahoshi], you may turn 1 card from the top of your Life cards face-down: Draw 2 cards and trash 1 card from your hand.",
OP11-109,Pappag,CHARACTER,,1,Wisdom,"Animal, Fish-Man Island",1000,Yellow,https://en.onepiece-cardgame.com/images/cardlist/card/OP11-109.png?250701,OP11-109.jpg,"[On Play] If you have [Camie], draw 2 cards and trash 2 cards from your hand.",
OP11-110,Fukaboshi,CHARACTER,,3,Slash,"Merfolk, Fish-Man Island",-,Yellow,https://en.onepiece-cardgame.com/images/cardlist/card/OP11-110.png?250701,OP11-110.jpg,"If this Character would be K.O.'d, you may rest 1 of your [Fish-Man Island] or your [Shirahoshi] Leader instead.[On Play] You may add 1 card from the top or bottom of your Life cards to your hand: K.O. up to 1 of your opponent's Characters with a cost of 1 or less.",
OP11-111,Mamboshi,CHARACTER,,6,Slash,"Merfolk, Fish-Man Island",2000,Yellow,https://en.onepiece-cardgame.com/images/cardlist/card/OP11-111.png?250701,OP11-111.jpg,-,
OP11-112,Megalo,CHARACTER,,3,Wisdom,"Animal, Fish-Man Island",1000,Yellow,https://en.onepiece-cardgame.com/images/cardlist/card/OP11-112.png?250701,OP11-112.jpg,"[Blocker] (After your opponent declares an attack, you may rest this card to make it the new target of the attack.)[Opponent's Turn] If your Leader is [Shirahoshi], this Character gains +4000 power.",
OP11-113,Ryuboshi,CHARACTER,,5,Slash,"Merfolk, Fish-Man Island",1000,Yellow,https://en.onepiece-cardgame.com/images/cardlist/card/OP11-113.png?250701,OP11-113.jpg,-,
OP11-114,Gum-Gum Fire-Fist Pistol Red Hawk,EVENT,,1,,Straw Hat Crew,-,Yellow,https://en.onepiece-cardgame.com/images/cardlist/card/OP11-114.png?250701,OP11-114.jpg,"[Main] You may rest 3 of your DON!! cards: If you and your opponent have a total of 5 or more Life cards, K.O. up to 1 of your opponent's Characters with a base cost of 5 or less.[Counter] Up to 1 of your Leader gains +3000 power during this battle.",
OP11-114_p1,Gum-Gum Fire-Fist Pistol Red Hawk,EVENT,,1,,Straw Hat Crew,-,Yellow,https://en.onepiece-cardgame.com/images/cardlist/card/OP11-114_p1.png?250701,OP11-114_p1.jpg,"[Main] You may rest 3 of your DON!! cards: If you and your opponent have a total of 5 or more Life cards, K.O. up to 1 of your opponent's Characters with a base cost of 5 or less.[Counter] Up to 1 of your Leader gains +3000 power during this battle.",
OP11-115,You're Just Not My Type!,EVENT,,1,,"Merfolk, Fish-Man Island",-,Yellow,https://en.onepiece-cardgame.com/images/cardlist/card/OP11-115.png?250701,OP11-115.jpg,"[Counter] If your Leader is [Shirahoshi], up to 1 of your Leader or Character cards gains +4000 power during this battle.",K.O. up to 1 of your opponent's Characters with a cost of 2 or less.
OP11-116,Merman Combat Ultramarine,EVENT,,6,,"Merfolk, Fish-Man Island",-,Yellow,https://en.onepiece-cardgame.com/images/cardlist/card/OP11-116.png?250701,OP11-116.jpg,[Main] Add up to 1 Character with a cost of 6 or less to the top or bottom of the owner's Life cards face-up.,Add up to 1 of your opponent's Characters with a cost of 4 or less to the top or bottom of the owner's Life cards face-up.
OP11-117,Fish-Man Island,STAGE,,2,,Fish-Man Island,-,Yellow,https://en.onepiece-cardgame.com/images/cardlist/card/OP11-117.png?250701,OP11-117.jpg,"[Activate: Main] [Once Per Turn] If your Leader is [Shirahoshi], you may turn 1 card from the top of your Life cards face-up: Up to 1 of your {Neptunian}, {Fish-Man}, or {Merfolk} type Characters gains +1000 power during this turn.",
OP11-118,Monkey.D.Luffy,CHARACTER,,8,Strike,Straw Hat Crew,-,Blue,https://en.onepiece-cardgame.com/images/cardlist/card/OP11-118.png?250701,OP11-118.jpg,"[Rush][When Attacking] You may trash 1 card from your hand: Return up to 1 Character with a cost of 4 or less to the owner's hand. Then, give up to 1 rested DON!! card to your Leader or 1 of your Characters.",
OP11-118_p1,Monkey.D.Luffy,CHARACTER,,8,Strike,Straw Hat Crew,-,Blue,https://en.onepiece-cardgame.com/images/cardlist/card/OP11-118_p1.png?250701,OP11-118_p1.jpg,"[Rush][When Attacking] You may trash 1 card from your hand: Return up to 1 Character with a cost of 4 or less to the owner's hand. Then, give up to 1 rested DON!! card to your Leader or 1 of your Characters.",
OP11-118_p2,Monkey.D.Luffy,CHARACTER,,8,Strike,Straw Hat Crew,-,Blue,https://en.onepiece-cardgame.com/images/cardlist/card/OP11-118_p2.png?250701,OP11-118_p2.jpg,"[Rush][When Attacking] You may trash 1 card from your hand: Return up to 1 Character with a cost of 4 or less to the owner's hand. Then, give up to 1 rested DON!! card to your Leader or 1 of your Characters.",
OP11-119,Koby,CHARACTER,,8,Strike,"Navy, SWORD",-,Black,https://en.onepiece-cardgame.com/images/cardlist/card/OP11-119.png?250701,OP11-119.jpg,[On Play] Up to 1 of your Characters can also attack active Characters during this turn.[When Attacking] You may place 2 cards from your trash at the bottom of your deck in any order: Up to 1 of your Leader or Character cards gains +1000 power until the end of your opponent's next turn.,
OP11-119_p1,Koby,CHARACTER,,8,Strike,"Navy, SWORD",-,Black,https://en.onepiece-cardgame.com/images/cardlist/card/OP11-119_p1.png?250701,OP11-119_p1.jpg,[On Play] Up to 1 of your Characters can also attack active Characters during this turn.[When Attacking] You may place 2 cards from your trash at the bottom of your deck in any order: Up to 1 of your Leader or Character cards gains +1000 power until the end of your opponent's next turn.,
EB01-057_p2,Shirahoshi,CHARACTER,,2,Wisdom,Merfolk,1000,Yellow,https://en.onepiece-cardgame.com/images/cardlist/card/EB01-057_p2.png?250701,EB01-057_p2.jpg,"When this Character is K.O.'d by your opponent's effect, add up to 1 card from the top of your deck to the top of your Life cards.[Blocker] (After your opponent declares an attack, you may rest this card to make it the new target of the attack.)",
OP05-119_p7,Monkey.D.Luffy,CHARACTER,,10,Strike,"The Four Emperors, Straw Hat Crew",-,Purple,https://en.onepiece-cardgame.com/images/cardlist/card/OP05-119_p7.png?250701,OP05-119_p7.jpg,"[On Play] DON!! −10: Place all of your Characters except this Character at the bottom of your deck in any order. Then, take an extra turn after this one.[Activate: Main] [Once Per Turn] You may rest 1 of your DON!! cards: Add up to 1 DON!! card from your DON!! deck and set it as active.",
OP05-119_p8,Monkey.D.Luffy,CHARACTER,,10,Strike,"The Four Emperors, Straw Hat Crew",-,Purple,https://en.onepiece-cardgame.com/images/cardlist/card/OP05-119_p8.png?250701,OP05-119_p8.jpg,"[On Play] DON!! −10: Place all of your Characters except this Character at the bottom of your deck in any order. Then, take an extra turn after this one.[Activate: Main] [Once Per Turn] You may rest 1 of your DON!! cards: Add up to 1 DON!! card from your DON!! deck and set it as active.",
OP06-119_p2,Sanji,CHARACTER,,9,Strike,Straw Hat Crew,-,Blue,https://en.onepiece-cardgame.com/images/cardlist/card/OP06-119_p2.png?250701,OP06-119_p2.jpg,"[On Play] Reveal 1 card from the top of your deck and play up to 1 Character with a cost of 9 or less other than [Sanji]. Then, place the rest at the bottom of your deck.",
OP07-085_p2,Stussy,CHARACTER,,9,Special,CP0,-,Black,https://en.onepiece-cardgame.com/images/cardlist/card/OP07-085_p2.png?250701,OP07-085_p2.jpg,[On Play] You may trash 1 of your Characters: K.O. up to 1 of your opponent's Characters.,
OP09-005_p1,Silvers Rayleigh,CHARACTER,,5,Slash,Roger Pirates,1000,Red,https://en.onepiece-cardgame.com/images/cardlist/card/OP09-005_p1.png?250701,OP09-005_p1.jpg,"[Blocker] (After your opponent declares an attack, you may rest this card to make it the new target of the attack.)[On Play] If your opponent has 2 or more Characters with a base power of 5000 or more, draw 2 cards and trash 1 card from your hand.",
ST16-004_p1,Shanks,CHARACTER,,9,Slash,"FILM, The Four Emperors, Red-Haired Pirates",-,Green,https://en.onepiece-cardgame.com/images/cardlist/card/ST16-004_p1.png?250701,ST16-004_p1.jpg,[On Play] K.O. up to 1 of your opponent's rested Characters.,
ST18-005_p1,Luffy-Tarou,CHARACTER,,7,Strike,Straw Hat Crew,-,Purple,https://en.onepiece-cardgame.com/images/cardlist/card/ST18-005_p1.png?250701,ST18-005_p1.jpg,[On Play] DON!! −1 (You may return the specified number of DON!! cards from your field to your DON!! deck.): Play up to 1 purple {Straw Hat Crew} type Character card with a cost of 5 or less from your hand.,
ST05-001,Shanks,LEADER,5,,Slash,"FILM, The Four Emperors, Red-Haired Pirates",-,Purple,https://en.onepiece-cardgame.com/images/cardlist/card/ST05-001.png?250701,ST05-001.jpg,[Activate: Main] [Once Per Turn] DON!! −3 (You may return the specified number of DON!! cards from your field to your DON!! deck.): All of your {FILM} type Characters gain +2000 power during this turn.,
ST05-002,Ain,CHARACTER,,4,Special,"FILM, Neo Navy",-,Purple,https://en.onepiece-cardgame.com/images/cardlist/card/ST05-002.png?250701,ST05-002.jpg,[On Play] Add up to 1 DON!! card from your DON!! deck and rest it.,
ST05-003,Ann,CHARACTER,,2,Special,"FILM, The Pirates Fest",-,Purple,https://en.onepiece-cardgame.com/images/cardlist/card/ST05-003.png?250701,ST05-003.jpg,"[Blocker] (After your opponent declares an attack, you may rest this card to make it the new target of the attack.)",
ST05-004,Uta,CHARACTER,,4,Special,FILM,1000,Purple,https://en.onepiece-cardgame.com/images/cardlist/card/ST05-004.png?250701,ST05-004.jpg,"[Blocker] (After your opponent declares an attack, you may rest this card to make it the new target of the attack.)[On Block] DON!! −1 (You may return the specified number of DON!! cards from your field to your DON!! deck.): Rest up to 1 of your opponent's Characters with a cost of 5 or less.",
ST05-005,Carina,CHARACTER,,2,Wisdom,"FILM, Grantesoro",1000,Purple,https://en.onepiece-cardgame.com/images/cardlist/card/ST05-005.png?250701,ST05-005.jpg,"[Activate: Main] [Once Per Turn] You may rest this Character and trash 1 {FILM} type card from your hand: If your opponent has more DON!! cards on their field than you, add 2 DON!! cards from your DON!! deck and rest them.",
ST05-006,Gild Tesoro,CHARACTER,,5,Special,"FILM, Grantesoro",-,Purple,https://en.onepiece-cardgame.com/images/cardlist/card/ST05-006.png?250701,ST05-006.jpg,[When Attacking] DON!! −2 (You may return the specified number of DON!! cards from your field to your DON!! deck.): Draw 2 cards.,
ST05-007,Gordon,CHARACTER,,1,Wisdom,FILM,1000,Purple,https://en.onepiece-cardgame.com/images/cardlist/card/ST05-007.png?250701,ST05-007.jpg,-,
ST05-008,Shiki,CHARACTER,,6,Slash,"FILM, Golden Lion Pirates",1000,Purple,https://en.onepiece-cardgame.com/images/cardlist/card/ST05-008.png?250701,ST05-008.jpg,"If you have 8 or more DON!! cards on your field, this Character cannot be K.O.'d in battle.",
ST05-009,Scarlet,CHARACTER,,2,Strike,"FILM, Animal, Golden Lion Pirates",1000,Purple,https://en.onepiece-cardgame.com/images/cardlist/card/ST05-009.png?250701,ST05-009.jpg,-,Play this card.
ST05-010,Zephyr,CHARACTER,,7,Strike,"FILM, Neo Navy",-,Purple,https://en.onepiece-cardgame.com/images/cardlist/card/ST05-010.png?250701,ST05-010.jpg,"When this Character battles ＜Strike＞ attribute Characters, this Character gains +3000 power during this turn.[Activate: Main] [Once Per Turn] DON!! −1 (You may return the specified number of DON!! cards from your field to your DON!! deck.): This Character gains +2000 power during this turn.",
ST05-011,Douglas Bullet,CHARACTER,,8,Special,"FILM, The Pirates Fest",-,Purple,https://en.onepiece-cardgame.com/images/cardlist/card/ST05-011.png?250701,ST05-011.jpg,"[Activate: Main] [Once Per Turn] DON!! −4 (You may return the specified number of DON!! cards from your field to your DON!! deck.): Rest up to 2 of your opponent's Characters with a cost of 6 or less. Then, this Character gains [Double Attack] during this turn.(This card deals 2 damage.)",
ST05-012,Baccarat,CHARACTER,,3,Special,"FILM, Grantesoro",1000,Purple,https://en.onepiece-cardgame.com/images/cardlist/card/ST05-012.png?250701,ST05-012.jpg,-,
ST05-013,Bins,CHARACTER,,4,Special,"FILM, Neo Navy",1000,Purple,https://en.onepiece-cardgame.com/images/cardlist/card/ST05-013.png?250701,ST05-013.jpg,-,
ST05-014,Buena Festa,CHARACTER,,1,Wisdom,"FILM, The Pirates Fest",2000,Purple,https://en.onepiece-cardgame.com/images/cardlist/card/ST05-014.png?250701,ST05-014.jpg,"[On Play] Look at 5 cards from the top of your deck; reveal up to 1 {FILM} type card other than [Buena Festa] and add it to your hand. Then, place the rest at the bottom of your deck in any order.",
ST05-015,Dr. Indigo,CHARACTER,,2,Wisdom,"FILM, Scientist, Golden Lion Pirates",1000,Purple,https://en.onepiece-cardgame.com/images/cardlist/card/ST05-015.png?250701,ST05-015.jpg,-,
ST05-016,Lion's Threat Imperial Earth Bind,EVENT,,3,,"FILM, Golden Lion Pirates",-,Purple,https://en.onepiece-cardgame.com/images/cardlist/card/ST05-016.png?250701,ST05-016.jpg,[Main] DON!! −2 (You may return the specified number of DON!! cards from your field to your DON!! deck.): K.O. up to 1 of your opponent's Characters with a cost of 5 or less.,Add up to 1 DON!! card from your DON!! deck and set it as active.
ST05-017,Union Armada,EVENT,,2,,"FILM, The Pirates Fest",-,Purple,https://en.onepiece-cardgame.com/images/cardlist/card/ST05-017.png?250701,ST05-017.jpg,"[Counter] Up to 1 of your {FILM} type Leader or Character cards gains +4000 power during this battle. If that card is a Character, that Character cannot be K.O.'d during this turn.",Add up to 1 DON!! card from your DON!! deck and set it as active.
